ETH Address, Stake, Tier, Participation Weight
0x4254...b20f,1000,3,4
0xc37e...2ca7,1000,3,4
0xeda4...eed9,1414,3,5
0x1f6b...0044,533,4,2
0x9121...39f5,1010,3,4
0x586b...4f10,503,4,2
0x2443...3332,151,5,1
0x9b8e...6f68,156,5,1
0x007c...f7bc,3999,3,15
0x1b32...bd0b,155,5,1
0xfd18...4a01,152,5,1
0xc600...127e,1008,3,4
0xf21c...5cc8,1001,3,4
0x1f91...05b9,1000,3,4
0x05b1...0b31,1059,3,4
0xb307...46ab,200,5,1
0xe82c...b03c,501,4,2
0xab5a...de7f,1007,3,4
0xd4f1...b713,1021,3,4
0x2ca0...a558,150,5,1
0xb17d...d97e,1001,3,4
0xd522...4add,1521,3,6
0xd30c...7967,2175,3,8
0xaa26...e3bf,151,5,1
0x684f...eefd,501,4,2
0x2b09...f7e2,187,5,1
0x4362...c417,1001,3,4
0xf9b0...4532,1068,3,4
0x70cc...c649,1000,3,4
0x087f...554b,1328,3,5
0xb463...22c9,500,4,2
0x7c11...8a44,1006,3,4
0xb00f...0791,1050,3,4
0x06be...e5eb,1040,3,4
0xb44f...afb7,153,5,1
0x79fd...cae3,155,5,1
0xbf05...0b9e,1013,3,4
0xfe7b...1cf3,155,5,1
0x7cbd...d05d,2001,3,8
0x4828...2276,3421,3,13
0x86fe...f277,152,5,1
0xac4e...1957,150,5,1
0xfb34...3413,500,4,2
0x2ad9...8d14,1010,3,4
0x2070...ea34,1000,3,4
0x1089...4b57,154,5,1
0x2c8c...e80b,1012,3,4
0xe859...05af,501,4,2
0x61f4...75d3,1002,3,4
0x6932...1424,224,5,1
0x2820...ad30,213,5,1
0x3703...bac0,1000,3,4
0xc74d...77f0,1000,3,4
0xf3cc...48b3,1016,3,4
0x87ac...2c54,200,5,1
0x5d0d...f2ab,1027,3,4
0xfbde...b2a2,1002,3,4
0x356a...c5c1,1111,3,4
0xdc02...703e,159,5,1
0xa76e...ee61,505,4,2
0x8c43...872a,1021,3,4
0xb7a1...1253,1278,3,5
0x8437...15e9,167,5,1
0x754a...e5c1,1553,3,6
0x947f...74d2,2263,3,9
0x0e9b...c5df,1000,3,4
0xa5bb...ac9a,1422,3,5
0x3048...fb45,559,4,2
0xd004...0263,1000,3,4
0xee06...08b6,524,4,2
0x8932...fa21,1000,3,4
0x0fcc...ddda,500,4,2
0xc6f1...c520,1010,3,4
0x1910...bfb3,1131,3,4
0x8e5e...a80f,1010,3,4
0x4ee0...3d17,1005,3,4
0x14c3...2a56,1035,3,4
0xfa7d...e3ac,3659,3,14
0x3033...d915,1005,3,4
0x1371...befb,1000,3,4
0xa91b...05e6,1012,3,4
0x082c...c878,1020,3,4
0xdcae...82c4,163,5,1
0x1c72...03a2,1045,3,4
0xbf86...74cb,1000,3,4
0x607c...393d,506,4,2
0xb104...9d86,512,4,2
0x967b...8273,500,4,2
0x24aa...ab05,1563,3,6
0x5d9f...4f1a,155,5,1
0x7ef4...5370,1554,3,6
0x8771...eb0a,155,5,1
0xc91a...c971,150,5,1
0xfde6...408b,1202,3,4
0x81dc...b794,1004,3,4
0x8011...d0bb,150,5,1
0xf1e2...6129,1001,3,4
0x732d...b2a7,1000,3,4
0xa417...fb07,1002,3,4
0x2703...965e,165,5,1
0xfaca...8884,1740,3,6
0xa099...dbce,1000,3,4
0x69f7...13dd,500,4,2
0x5a06...53cd,1010,3,4
0x32d9...b74e,1008,3,4
0x49cb...ca2b,1000,3,4
0xcbb5...b4c3,150,5,1
0x2dc4...35e7,1003,3,4
0x1b05...6d3a,1021,3,4
0x5072...9de1,1069,3,4
0xee7d...ca1c,536,4,2
0x9f6e...e21a,158,5,1
0x4f3f...4a31,152,5,1
0x7b56...57a2,1011,3,4
0xd434...bc86,1150,3,4
0x1e80...86bc,1026,3,4
0x418b...a5dd,1070,3,4
0x118b...c712,1023,3,4
0x0a5c...cc22,1511,3,6
0x5e5a...e622,500,4,2
0x183e...120e,1006,3,4
0xf710...439e,150,5,1
0x8571...49ce,1001,3,4
0x8ab0...260a,1000,3,4
0x8a71...3945,1152,3,4
0xfea8...e23f,1335,3,5
0xed6e...e1b4,1000,3,4
0xa1fb...6492,1015,3,4
0x6371...23fb,1013,3,4
0x4b05...7b5c,1250,3,5
0x0062...6468,1000,3,4
0xf642...95e8,510,4,2
0x6035...0512,156,5,1
0x8f7a...70e4,500,4,2
0xf3b4...ebe6,2100,3,8
0x7362...4b22,1000,3,4
0xec81...4845,1050,3,4
0x8ceb...f1ee,1064,3,4
0x25ff...895a,1000,3,4
0xdc72...54ae,1000,3,4
0xa796...cec3,160,5,1
0x93cf...f568,1010,3,4
0xea19...a9d0,1002,3,4
0x63a5...4c74,1001,3,4
0xcf4e...daac,1007,3,4
0x0f17...bb46,150,5,1
0x960d...ebe8,500,4,2
0xd51a...98ff,1002,3,4
0x80f1...ef5c,552,4,2
0xe472...9029,1009,3,4
0x422c...c5dd,1000,3,4
0xd2dd...7a40,1000,3,4
0xe802...4887,652,4,2
0x12e6...e14d,1577,3,6
0x00ac...d697,2081,3,8
0x1643...fb98,1020,3,4
0xb607...4e40,150,5,1
0x36e0...52bd,1000,3,4
0x6625...ca6a,1086,3,4
0xacf1...c686,165,5,1
0x8b78...ec8b,212,5,1
0x9264...e2d8,1001,3,4
0x933d...b244,1077,3,4
0x17b3...557b,155,5,1
0xe861...4276,1000,3,4
0xfe84...8cb8,1000,3,4
0xbeaf...1313,1000,3,4
0x8ca9...45d2,1001,3,4
0x21fe...7a02,155,5,1
0x3d16...f0e2,1000,3,4
0xce78...d8fa,1001,3,4
0xcc3c...1710,1013,3,4
0xf81b...c96c,503,4,2
0x69d5...18eb,1509,3,6
0x50ba...b055,1000,3,4
0x7269...2613,1025,3,4
0xb6a6...def7,155,5,1
0x1efa...9253,1019,3,4
0x090c...5f2c,1021,3,4
0x34dc...a523,1008,3,4
0xd5bf...8e42,1038,3,4
0x64c8...9100,1264,3,5
0xde78...9c71,1023,3,4
0x3fea...f831,500,4,2
0x0885...9526,679,4,2
0xbdcb...0e9d,502,4,2
0xb737...a2a4,1000,3,4
0x3d34...bcc7,500,4,2
0xea16...8af3,1007,3,4
0x93fd...bd88,151,5,1
0x1708...f578,1018,3,4
0xb2db...0bda,200,5,1
0x7b76...95f0,1001,3,4
0x0e4f...e6f8,505,4,2
0x42e2...fb22,1000,3,4
0x1167...9a78,1059,3,4
0xbce5...0150,1000,3,4
0xe232...f822,500,4,2
0xf65c...879a,2355,3,9
0xc757...e677,150,5,1
0xeb00...11c3,1010,3,4
0x8fb0...b198,168,5,1
0xb6fb...bb62,1032,3,4
0x86ef...3197,154,5,1
0xe7db...e399,150,5,1
0xc205...1bda,1027,3,4
0x7d96...e3b7,1000,3,4
0x52ea...cd6c,1000,3,4
0x7b10...cba6,1000,3,4
0x395d...577e,1000,3,4
0x2663...5aeb,1027,3,4
0x16c8...5d07,507,4,2
0x39a9...586a,1002,3,4
0x98a6...ae5a,1505,3,6
0x60ad...2f3b,500,4,2
0xc748...97c9,1000,3,4
0x35a1...ce75,1033,3,4
0xc2f4...3941,501,4,2
0x245b...b55c,1018,3,4
0x7acc...b39e,1000,3,4
0x40b5...a863,1010,3,4
0x6fbb...6167,1011,3,4
0x4e9b...39d6,362,5,1
0x977b...772c,500,4,2
0x3769...5c12,500,4,2
0x23e1...795c,150,5,1
0x298b...5563,288,5,1
0x3f3b...940d,550,4,2
0x35a2...4b81,1758,3,7
0xaf03...87af,1005,3,4
0x7457...93f4,1000,3,4
0x193a...e8ac,151,5,1
0xd552...cf84,500,4,2
0x4ba1...213e,160,5,1
0xc32c...e8eb,1003,3,4
0x5bd0...eb8e,500,4,2
0xf097...610e,1000,3,4
0x0c4a...15ba,1000,3,4
0xafc1...8a11,194,5,1
0x1961...1a0b,1143,3,4
0x0cb0...59c8,503,4,2
0x0610...4e74,1013,3,4
0x07c9...f109,1000,3,4
0xc03c...923c,150,5,1
0x9a08...7205,1006,3,4
0xf7e1...38f6,1005,3,4
0xefbb...3f86,1000,3,4
0x84be...7abd,1000,3,4
0x2da9...f223,1021,3,4
0x9d2e...bbe6,500,4,2
0x5bff...9ef5,163,5,1
0xcfbe...cf5c,1042,3,4
0xccc2...162d,1053,3,4
0x17b7...b283,184,5,1
0x0693...522e,1002,3,4
0xd114...b6c4,1369,3,5
0xa7d6...2520,500,4,2
0xd630...1699,530,4,2
0xbd84...6a35,1000,3,4
0x0740...ab57,500,4,2
0x6437...c60e,1000,3,4
0x5280...0120,500,4,2
0xcbfd...ceb4,1012,3,4
0xcee7...35b3,1000,3,4
0x011d...fc83,1000,3,4
0x88bf...6ad3,226,5,1
0x431b...32b6,159,5,1
0x5d7a...b491,1000,3,4
0x6adc...08fc,150,5,1
0xdb3b...58a4,900,4,2
0x02c2...b179,1000,3,4
0xa3ca...907d,2025,3,8
0x9424...d9dc,1013,3,4
0x87d2...07b0,500,4,2
0xc066...bc28,150,5,1
0xf736...64ab,336,5,1
0x0710...8e5a,1080,3,4
0xa082...18f9,1000,3,4
0x2521...1a80,500,4,2
0xb3cc...e406,1042,3,4
0x350a...ba66,1027,3,4
0x608b...dc47,500,4,2
0x3986...6f04,154,5,1
0x11de...8bfa,155,5,1
0xdf98...51e7,519,4,2
0x0748...c8cd,212,5,1
0x0559...cdbf,500,4,2
0x73b6...82f8,1026,3,4
0x00f3...131b,1000,3,4
0x06a6...ad35,505,4,2
0xc4f0...b914,1350,3,5
0x844e...b353,502,4,2
0xd5ae...bc26,1000,3,4
0x5890...ace6,1200,3,4
0xf582...329b,1883,3,7
0xc304...3fb5,1000,3,4
0x69cf...1b6e,1035,3,4
0x9bdd...3385,521,4,2
0x1190...b27f,1000,3,4
0x991f...163c,1015,3,4
0xfcda...25a9,1000,3,4
0x5c50...437c,1050,3,4
0x89a8...5b0d,246,5,1
0x787d...e18e,1000,3,4
0x4e54...69bf,1000,3,4
0x0cbf...d692,1109,3,4
0x7a01...6b01,504,4,2
0xcee4...68aa,1005,3,4
0x77ad...18ac,1000,3,4
0x23c7...7f2d,508,4,2
0xed42...dc6d,1016,3,4
0x685c...8bc9,1085,3,4
0x1c9d...adc5,1089,3,4
0x2625...869f,1001,3,4
0xa4a7...f3e6,1001,3,4
0x2669...ec75,1004,3,4
0x320c...1145,161,5,1
0xd0e7...05d4,1050,3,4
0x3d52...0e63,1521,3,6
0x570c...e9d0,1049,3,4
0x7abe...b945,1004,3,4
0x64a2...e289,502,4,2
0x2411...4949,1042,3,4
0x6f83...ab5c,151,5,1
0x7934...be39,1118,3,4
0xb0ca...b203,1010,3,4
0xe9d8...fda3,1038,3,4
0x6baa...ef14,153,5,1
0xf896...b911,540,4,2
0x373b...ce96,151,5,1
0xa55f...d148,155,5,1
0x0770...b916,1115,3,4
0x90a1...0ac8,500,4,2
0xf4e7...4715,153,5,1
0xb327...856d,1004,3,4
0xd546...2354,501,4,2
0x868e...b7e6,501,4,2
0xcda9...12cf,1000,3,4
0xfd78...8601,1250,3,5
0x0ba9...e8f5,504,4,2
0x4cec...941e,1003,3,4
0xc6e1...0d97,1000,3,4
0xd800...4f95,500,4,2
0x13e0...95b3,150,5,1
0xbada...7263,158,5,1
0x00e9...d60a,1000,3,4
0x6932...5424,1000,3,4
0x03c4...6ae6,517,4,2
0x7bbc...eadf,500,4,2
0x46ac...580e,150,5,1
0x591b...e4be,501,4,2
0xee15...420b,1006,3,4
0x128c...4d22,1009,3,4
0x0752...c807,1007,3,4
0x8d21...7ce0,173,5,1
0xc115...2021,1000,3,4
0xaf69...58ca,1000,3,4
0xaee9...f049,500,4,2
0xdcfa...cae3,507,4,2
0x83a3...a3be,1057,3,4
0x41ad...c4fa,153,5,1
0x470f...8b95,1038,3,4
0xad88...c82c,535,4,2
0x9fb7...a1c3,506,4,2
0xdaab...4363,501,4,2
0x0102...4825,1010,3,4
0x4b54...36a0,503,4,2
0x7676...112d,505,4,2
0x2fbe...373a,500,4,2
0x1762...da39,500,4,2
0x1682...4efb,1019,3,4
0x2967...e311,328,5,1
0x5661...7eeb,1652,3,6
0xd740...7371,1008,3,4
0x6a5f...ccd4,1000,3,4
0xdb24...5b4b,151,5,1
0x2af4...b350,1010,3,4
0xd803...1acb,1002,3,4
0xcc22...52ca,500,4,2
0x9034...2130,154,5,1
0xe476...8bba,200,5,1
0x712a...b78e,156,5,1
0xe7c0...16ed,501,4,2
0x64ee...6ac0,150,5,1
0xc1ef...3e83,157,5,1
0x9c53...3a13,515,4,2
0xdfa8...24db,1001,3,4
0x1bb9...775d,154,5,1
0x485e...cbcc,1005,3,4
0x1e60...ccfa,150,5,1
0x710f...549a,1000,3,4
0x942b...6dfd,150,5,1
0xefb9...5ea0,1153,3,4
0xccc9...e0a5,500,4,2
0x7591...c6e2,1001,3,4
0x79f1...cb4c,1001,3,4
0x71ec...d3be,150,5,1
0xaa97...b82d,150,5,1
0xc583...5d5c,1008,3,4
0x7af5...40ec,154,5,1
0x8e97...00e8,501,4,2
0xc445...f9e7,1273,3,5
0xb117...1432,1035,3,4
0x77e3...3026,150,5,1
0x54ad...5a27,1011,3,4
0x8d23...b0a7,520,4,2
0x6934...9345,150,5,1
0x6c17...a444,1000,3,4
0x0aa4...9580,1005,3,4
0xf8e8...15e9,150,5,1
0x3146...af50,1272,3,5
0xa57c...0d73,1001,3,4
0xc566...162a,1017,3,4
0x5be2...f5bf,1024,3,4
0xe0c2...5e2b,2750,3,11
0xcebf...4c32,515,4,2
0x11c4...9142,1007,3,4
0x4f2e...4360,1150,3,4
0xbe68...d837,500,4,2
0xef59...d3db,150,5,1
0x26e8...3b08,159,5,1
0x34cb...1d0d,509,4,2
0x5a01...0760,1000,3,4
0xf4c4...ef5c,150,5,1
0x1c72...d414,510,4,2
0xad36...2b36,1072,3,4
0xb187...a919,506,4,2
0x58ec...d562,1001,3,4
0xceb4...0e1c,507,4,2
0x2d7e...fb97,154,5,1
0xb07a...6d3c,1003,3,4
0xa7e4...7c43,1006,3,4
0xb223...9f2c,150,5,1
0xfcc0...b598,501,4,2
0x2d90...99d4,500,4,2
0x9c90...211b,162,5,1
0x25d9...159d,208,5,1
0x12fb...df48,1000,3,4
0x6b30...b9f1,150,5,1
0xcfab...293f,584,4,2
0x65ac...117f,1000,3,4
0x725b...924f,1000,3,4
0x9787...be3e,503,4,2
0x0602...185b,501,4,2
0x14ed...83a4,1001,3,4
0x0538...91b2,1000,3,4
0x495e...d23b,175,5,1
0x2e95...61f2,1307,3,5
0x5967...a437,1011,3,4
0xc20d...ff31,150,5,1
0x2863...8031,1201,3,4
0x19c5...22a6,1291,3,5
0x8558...e58c,1019,3,4
0xfbd0...c2b1,503,4,2
0x9980...4f3b,1007,3,4
0xd624...d0c1,502,4,2
0xb58a...5262,1005,3,4
0x4e65...c954,1000,3,4
0xb347...2575,1000,3,4
0xef18...4391,150,5,1
0xe28d...4d77,156,5,1
0x4e70...711e,150,5,1
0xf43f...8117,150,5,1
0xcf57...1471,1100,3,4
0x0f85...c617,505,4,2
0x1d59...4531,155,5,1
0xff86...9e49,1000,3,4
0x56e5...ad54,166,5,1
0xf5b1...8229,199,5,1
0x01ed...c55e,506,4,2
0x3567...2dae,500,4,2
0xb7e0...7c5c,1003,3,4
0xa3f8...5d62,502,4,2
0x68da...8e9a,1000,3,4
0x67a8...2eb6,503,4,2
0xe719...18a5,1066,3,4
0xc8bf...ce63,150,5,1
0xd491...cd7d,166,5,1
0xa8b9...46c6,1003,3,4
0x2a1b...923a,219,5,1
0x9084...9723,175,5,1
0x9617...d0de,1000,3,4
0x25ee...9bbf,296,5,1
0x8d4d...b01a,150,5,1
0x9165...e6a0,155,5,1
0x9057...9185,170,5,1
0x866e...a093,158,5,1
0x43ba...7162,1014,3,4
0x5242...8620,152,5,1
0x9acf...7817,1304,3,5
0xdda5...3f07,164,5,1
0x6ee7...e89c,1005,3,4
0x3a4a...e3d6,180,5,1
0xa19e...69cc,160,5,1
0x185d...e3e6,526,4,2
0x5fe6...2728,157,5,1
0xc4dc...7c7d,505,4,2
0xdf59...84e5,150,5,1
0x0ada...b347,1024,3,4
0xa95f...d3de,514,4,2
0x7377...0807,150,5,1
0x5c22...c7ec,160,5,1
0xf4b0...5bad,518,4,2
0x8dd9...c661,585,4,2
0x3d57...d28b,1012,3,4
0x4006...6d15,157,5,1
0x9bbb...de62,156,5,1
0x852e...0eb7,166,5,1
0xc66f...f707,1001,3,4
0xcf73...77e5,1000,3,4
0x15d1...5b39,500,4,2
0x6d6d...8855,518,4,2
0xeb61...507e,501,4,2
0x76f3...03db,150,5,1
0xf3d7...853e,150,5,1
0x8f99...3fe9,150,5,1
0x3cc1...5dc4,1002,3,4
0x7895...1978,506,4,2
0x0e26...dadb,1001,3,4
0xabdb...e5cf,214,5,1
0xfb29...a41d,151,5,1
0x6eb4...03e4,2000,3,8
0x5c4e...3f72,501,4,2
0xf50e...c8e0,511,4,2
0x253c...995d,227,5,1
0x6ac6...680b,1000,3,4
0x571a...e2e1,155,5,1
0xb9fd...1c40,1001,3,4
0x1c32...8da3,190,5,1
0xbcf1...8bf7,1011,3,4
0x09f1...b3c9,504,4,2
0xdf2a...e9a8,152,5,1
0x0d97...56d1,150,5,1
0xe70a...3b4b,150,5,1
0x8dba...6a76,151,5,1
0x8a31...d95d,1012,3,4
0x831c...c4e7,1002,3,4
0x38ed...7314,150,5,1
0x624b...2207,510,4,2
0xfaf2...d1c6,501,4,2
0x1e34...6ebe,508,4,2
0xf692...425e,1020,3,4
0x721e...b771,600,4,2
0x467d...ae69,160,5,1
0x02d9...c6f7,168,5,1
0x70e3...3ab5,200,5,1
0x21f2...b313,1004,3,4
0xc7da...f9cc,203,5,1
0x398e...2a18,151,5,1
0x4590...662b,157,5,1
0xb676...c44c,1000,3,4
0x9722...747f,503,4,2
0x9530...6cfa,510,4,2
0xbbcb...0f62,150,5,1
0xf204...3baa,500,4,2
0x11c7...b2e0,500,4,2
0x409b...9f00,150,5,1
0xd9b7...01be,500,4,2
0xfdc2...3437,185,5,1
0xccd9...f58e,515,4,2
0x17a5...1eed,150,5,1
0x32e6...154c,505,4,2
0x6f18...95d2,160,5,1
0x4225...20da,1000,3,4
0x1ca8...1f2a,151,5,1
0x85b8...c928,1095,3,4
0x82b4...c00b,150,5,1
0x253b...7131,228,5,1
0xf738...3767,502,4,2
0xf69c...7100,150,5,1
0x4db9...cf27,1000,3,4
0x51d4...5364,154,5,1
0x29a2...5f62,150,5,1
0xdc88...51f4,1002,3,4
0x7fd6...a1e4,153,5,1
0xc495...4a36,1009,3,4
0x2099...c80c,153,5,1
0x2bc9...faed,154,5,1
0x88f3...a870,150,5,1
0x4a51...6b04,503,4,2
0x787b...b396,507,4,2
0xa3dd...d063,153,5,1
0xf195...264f,150,5,1
0x64b4...e5ab,150,5,1
0xf18c...e9ff,1003,3,4
0xa70b...86dd,154,5,1
0xfd77...02b6,1005,3,4
0x3890...3a5c,502,4,2
0x22c4...73f0,200,5,1
0xf20f...1906,1006,3,4
0x5f25...e745,1004,3,4
0x3958...f104,150,5,1
0x197f...7d4b,1104,3,4
0x5427...dc66,150,5,1
0x5bb0...10a8,151,5,1
0xb1ac...3a56,150,5,1
0xf69c...d7ee,200,5,1
0xeb65...dde8,1008,3,4
0x99eb...8b41,1131,3,4
0x2a8b...be2f,150,5,1
0x8b96...4476,150,5,1
0xd8d0...4477,181,5,1
0x2ce3...1635,503,4,2
0xaa6b...a173,150,5,1
0x4cd9...41ba,150,5,1
0xac0b...e903,1000,3,4
0x52f8...7434,150,5,1
0x960d...f00f,180,5,1
0xb30f...cb8d,507,4,2
0x3243...904c,203,5,1
0x4c78...e5b3,600,4,2
0x1e9b...72d4,501,4,2
0x4db3...bc3f,151,5,1
0x5111...728d,1011,3,4
0x3950...8fc6,154,5,1
0xbdaf...6b90,520,4,2
0x5087...76ec,150,5,1
0x1d97...0702,163,5,1
0x30ee...19e7,150,5,1
0xc313...a108,215,5,1
0xb1d5...0357,1000,3,4
0x5775...52fb,153,5,1
0x6516...4073,184,5,1
0xafc3...a3ff,513,4,2
0x78d0...ba97,300,5,1
0xcf73...059c,568,4,2
0x559c...0ee7,150,5,1
0x3238...5564,500,4,2
0x0548...4660,1200,3,4
0xc9e6...a009,500,4,2
0x5037...62ce,158,5,1
0x8367...dfd4,150,5,1
0x03d4...401e,500,4,2
0x6bcb...a42a,150,5,1
0xa6c0...1170,150,5,1
0xc8a4...185a,150,5,1
0x11e7...3bf0,1000,3,4
0x72c5...9b76,681,4,2
0x5358...76fc,1045,3,4
0x4ffb...8afc,150,5,1
0x3dba...e310,1000,3,4
0xe712...526a,510,4,2
0x8ae7...b9e5,169,5,1
0xd045...9e44,1019,3,4
0x9c3d...7664,1195,3,4
0x9e7f...805f,150,5,1
0x6641...e72e,1002,3,4
0xe871...9ed2,510,4,2
0x77cc...c4d6,500,4,2
0xb97a...86c6,500,4,2
0x2111...4e84,160,5,1
0x4047...697b,150,5,1
0xa415...5205,160,5,1
0xab9b...fb4f,504,4,2
0xdb9d...37ca,1004,3,4
0xa214...82fd,188,5,1
0xfc7a...e39d,150,5,1
0x3aed...091a,509,4,2
0xdeb2...7a87,1001,3,4
0x56af...6efc,150,5,1
0xf5ed...cca6,500,4,2
0x2b2d...4b9a,500,4,2
0x380d...b101,503,4,2
0x1dc1...8a20,151,5,1
0xb57b...35c8,763,4,2
0xc832...0a0e,507,4,2
0xb5e6...94f2,150,5,1
0x5b19...fd83,150,5,1
0xe939...9701,150,5,1
0xcfa7...5ce5,522,4,2
0x7c0d...2e22,223,5,1
0x65f5...6b31,572,4,2
0x4a9c...cb66,151,5,1
0xeb20...6eaa,152,5,1
0xf64d...09b0,243,5,1
0xc9a3...48a2,244,5,1
0x85e0...df70,200,5,1
0xbccb...ed91,150,5,1
0xf052...c987,150,5,1
0x2d6c...0116,155,5,1
0x118e...d504,500,4,2
0x91ff...9d07,309,5,1
0x98c7...8bbd,152,5,1
0x8776...eb89,252,5,1
0xf375...c5f2,150,5,1
0xac30...74d0,150,5,1
0xb73a...4568,503,4,2
0x6be2...8b26,150,5,1
0x3205...b960,150,5,1
0x6dd7...6b3e,153,5,1
0xde67...8aa3,623,4,2
0x5cad...a5bd,151,5,1
0x0249...cb1b,500,4,2
0x1fb9...5ac0,150,5,1
0x006f...60ee,152,5,1
0xe8cf...8233,156,5,1
0x8122...3b56,157,5,1
0xec45...c665,151,5,1
0xd6a5...ba07,501,4,2
0xf643...4ce4,157,5,1
0x9702...7664,161,5,1
0x8c7f...4619,154,5,1
0xebde...dabc,500,4,2
0xd7ae...3909,500,4,2
0x6b9b...1b58,500,4,2
0xa7db...30c7,180,5,1
0x3aab...f261,153,5,1
0x671f...634f,150,5,1
0xd3ae...77e7,1004,3,4
0xdc9c...7484,157,5,1
0x5466...f544,511,4,2
0xace8...7488,151,5,1
0x5b56...e83f,254,5,1
0xf6b9...aa1c,151,5,1
0x9054...3e47,1021,3,4
0x025a...69dc,285,5,1
0xea4c...6554,154,5,1
0x46db...df70,513,4,2
0x6b12...5328,151,5,1
0xa442...cc21,150,5,1
0xa6ba...6cdb,195,5,1
0x56c1...cfc5,154,5,1
0x4327...5a3a,210,5,1
0x5142...5013,503,4,2
0x0836...f2e8,150,5,1
0xb8d6...cb2d,167,5,1
0x8a42...be70,150,5,1
0xb0e5...6ab8,150,5,1
0x512e...8fa3,514,4,2
0xf596...4420,150,5,1
0x1942...a5bf,151,5,1
0xc347...5c65,150,5,1
0x1536...221e,152,5,1
0x97b2...4115,516,4,2
0x58ab...6512,189,5,1
0xc459...4102,153,5,1
0xcb7e...316b,150,5,1
0x998b...8f12,150,5,1
0xfac4...cd9a,205,5,1
0xbf80...32a1,150,5,1
0x277e...933a,150,5,1
0x308e...e166,156,5,1
0x4e9c...6d06,150,5,1
0xacf1...53c2,159,5,1
0xe5c3...20b6,160,5,1
0xd64e...36e6,500,4,2
0x4db1...8220,160,5,1
0x4af5...13e9,501,4,2
0x6725...264b,500,4,2
0x298c...466d,523,4,2
0x6e42...34c0,170,5,1
0x9fbf...f1df,150,5,1
0xa172...bff0,150,5,1
0xf775...dbe8,151,5,1
0x23f8...0724,150,5,1
0x794c...7bbe,150,5,1
0xa728...b4f6,501,4,2
0xaf9b...ec96,152,5,1
0x5631...7d9e,150,5,1
0x7d96...4a9b,155,5,1
0xe483...5011,150,5,1
0xbe28...f26c,153,5,1
0xc29c...9496,153,5,1
0x09f8...aa41,150,5,1
0xdcfc...5f01,150,5,1
0x8110...2697,163,5,1
0x919c...5a42,353,5,1
0x6796...8ee6,150,5,1
0x680a...05be,504,4,2
0xe939...8055,152,5,1
0x3265...6426,150,5,1
0x557f...74f0,151,5,1
0x672c...60e5,157,5,1
0x9d14...8cdb,150,5,1
0x4d9d...ae22,153,5,1
0xfa10...7714,153,5,1
0xcf38...0683,168,5,1
0xa538...8c0e,331,5,1
0x4186...8cff,151,5,1
0x9a63...9976,156,5,1
0x58db...2ba4,157,5,1
0x0d0d...3bb7,150,5,1
0xcdd2...be55,360,5,1
0x891e...5c44,186,5,1
0x05fb...64fa,151,5,1
0x8e2b...6c01,204,5,1
0xa079...50c7,150,5,1
0x9003...76d2,154,5,1
0x19bb...1cc4,155,5,1
0xe91f...feb7,155,5,1
0x0b40...4f11,298,5,1
0x4228...9599,157,5,1
0x22ee...f933,174,5,1