ETH Address, Stake, Tier, Participation Weight
0x2d90...99d4,500,4,2
0x3238...5564,500,4,2
0x8ae7...b9e5,1020,3,4
0xac79...7ea1,1016,3,4
0x7362...4b22,1000,3,4
0x5a01...0760,1000,3,4
0xa75f...84e9,1012,3,4
0xb07a...6d3c,1003,3,4
0xb17d...d97e,1001,3,4
0x3890...3a5c,502,4,2
0xaa26...e3bf,1000,3,4
0x1fa2...4869,1001,3,4
0x2411...6210,1132,3,4
0x4ee0...3d17,1005,3,4
0x7591...c6e2,1001,3,4
0xcbfd...ceb4,1012,3,4
0x1617...c181,1015,3,4
0x5142...5013,503,4,2
0x082c...c878,1020,3,4
0xb0ca...b203,1010,3,4
0x64c8...9100,1264,3,5
0xca61...111b,1036,3,4
0xa9a4...e2d6,1001,3,4
0x0602...185b,501,4,2
0x82b4...c00b,150,5,1
0x4761...e31f,502,4,2
0x64a2...e289,1000,3,4
0xf890...837a,1489,3,5
0xea16...8af3,1007,3,4
0xb57b...35c8,1005,3,4
0xfb07...c3f8,1001,3,4
0x9a33...34bf,1006,3,4
0xcee4...68aa,1005,3,4
0x87d0...665e,1040,3,4
0xb3b8...881b,1232,3,4
0xed42...dc6d,1016,3,4
0x0451...44d7,1501,3,6
0x39a9...586a,1002,3,4
0xe0c2...5e2b,2750,3,11
0x11e7...3bf0,1111,3,4
0xea19...a9d0,1002,3,4
0x8ca9...45d2,1001,3,4
0x9a08...7205,1006,3,4
0x7d96...e3b7,1000,3,4
0xfa51...4dff,1033,3,4
0xd7ae...3909,500,4,2
0x5661...7eeb,1652,3,6
0xbf05...0b9e,1013,3,4
0xd64e...36e6,500,4,2
0xef9d...416f,504,4,2
0x4f83...e1b6,1013,3,4
0xac0b...e903,1000,3,4
0x0e8e...4f57,150,5,1
0x3078...424c,2086,3,8
0xcbb5...b4c3,150,5,1
0x9980...4f3b,1007,3,4
0x52c2...fac9,150,5,1
0xc205...1bda,1027,3,4
0xe472...9029,1009,3,4
0x40b5...a863,1010,3,4
0x2765...df73,1005,3,4
0xfac1...a191,3617,3,14
0x7a92...1545,500,4,2
0x77cc...c4d6,1603,3,6
0x3e76...45ad,1010,3,4
0x3aed...091a,509,4,2
0x15d1...5b39,500,4,2
0xee0b...f39f,1750,3,7
0xcac2...7981,1008,3,4
0xcee7...35b3,1000,3,4
0x5072...9de1,1069,3,4
0x4660...9980,1549,3,6
0x0b0d...6944,1000,3,4
0x69cf...1b6e,1035,3,4
0x5775...52fb,153,5,1
0xb30f...cb8d,507,4,2
0x34ea...f448,199,5,1
0xd522...4add,1521,3,6
0x1682...4efb,1019,3,4
0xb132...3ec5,1000,3,4
0x4362...c417,1001,3,4
0x8a31...d95d,1012,3,4
0x7358...bfea,1012,3,4
0xf421...ca7a,1001,3,4
0x3567...2dae,500,4,2
0x9e46...a8cf,150,5,1
0x409b...9f00,150,5,1
0xea69...40ff,1000,3,4
0x5d0d...f2ab,1027,3,4
0x7b10...cba6,1000,3,4
0xb488...c98d,1002,3,4
0xf6b9...aa1c,151,5,1
0xccd9...f58e,515,4,2
0xf20f...1906,1006,3,4
0xee53...22bc,1002,3,4
0x0538...91b2,1000,3,4
0x245b...b55c,1018,3,4
0x512e...8fa3,514,4,2
0x32d9...b74e,1008,3,4
0xa0ac...013d,1000,3,4
0x0f1b...04f5,150,5,1
0x4047...697b,150,5,1
0x012d...9ea7,1022,3,4
0xf21c...5cc8,1001,3,4
0x6932...5424,1000,3,4
0x1708...f578,1018,3,4
0x2c6a...d472,1013,3,4
0x26e7...dff0,152,5,1
0x9a77...8faa,1000,3,4
0x01ed...c55e,506,4,2
0xd260...35fc,1003,3,4
0x11c4...9142,1007,3,4
0xf052...c987,150,5,1
0xcf73...059c,568,4,2
0x6100...9ebf,513,4,2
0x02c2...b179,1000,3,4
0x197c...9ffa,1059,3,4
0x6b30...b9f1,150,5,1
0xf50e...c8e0,511,4,2
0x2b2d...4b9a,500,4,2
0x32e6...154c,505,4,2
0xbccb...ed91,150,5,1
0x960d...ebe8,1001,3,4
0x56af...6efc,523,4,2
0x354f...63d4,1053,3,4
0x1e78...5207,1000,3,4
0x05fb...64fa,1021,3,4
0x2a1b...923a,219,5,1
0x9c3d...7664,1195,3,4
0xdc88...51f4,1002,3,4
0xa417...fb07,1002,3,4
0x0a5c...cc22,1511,3,6
0x4e54...69bf,1000,3,4
0x73b6...82f8,1026,3,4
0x422c...c5dd,1000,3,4
0x4851...7129,150,5,1
0x4c73...9f7f,151,5,1
0xfaf2...d1c6,501,4,2
0x97d3...a281,1001,3,4
0xd51a...98ff,1002,3,4
0xa7e4...7c43,1006,3,4
0x81dc...b794,1004,3,4
0x7269...2613,1025,3,4
0xdf2e...dc80,1000,3,4
0x80e7...88b7,1501,3,6
0x99f6...a375,1006,3,4
0xdc72...54ae,1000,3,4
0xed6e...e1b4,1000,3,4
0xa7db...30c7,180,5,1
0x084a...09f1,1058,3,4
0x16c8...5d07,507,4,2
0xc74d...77f0,1000,3,4
0x68c3...c44c,638,4,2
0x4f7c...30d7,500,4,2
0xb9fd...1c40,1001,3,4
0x25ff...895a,1000,3,4
0x1c72...03a2,1045,3,4
0x3703...bac0,1000,3,4
0x38ed...7314,150,5,1
0x22d8...036a,1000,3,4
0x3a96...f08c,1001,3,4
0xd434...bc86,1150,3,4
0x00e3...2b8a,1016,3,4
0xb58a...5262,1005,3,4
0x2411...4949,1042,3,4
0x14c3...2a56,1035,3,4
0xf097...610e,1000,3,4
0x8a42...be70,150,5,1
0x40a6...0741,162,5,1
0x0c85...915c,500,4,2
0xf6d6...4f9c,1014,3,4
0x007e...eb8f,1230,3,4
0x395d...577e,1000,3,4
0xa227...b143,1000,3,4
0xfcda...25a9,1000,3,4
0xd3ae...77e7,1004,3,4
0x2070...ea34,1000,3,4
0x34cb...1d0d,1016,3,4
0x43ba...7162,1014,3,4
0xb7a1...1253,1278,3,5
0x7457...93f4,1000,3,4
0x4e65...c954,1000,3,4
0x5890...ace6,1200,3,4
0x98a6...ae5a,1505,3,6
0x8c4c...dd4e,1016,3,4
0x118e...d504,500,4,2
0x56e5...ad54,166,5,1
0x05b1...0b31,1059,3,4
0xbcfd...a7ff,1559,3,6
0x680a...05be,504,4,2
0x831c...c4e7,1002,3,4
0x56c1...cfc5,154,5,1
0x7463...0124,1046,3,4
0x22c4...73f0,200,5,1
0x1dc1...8a20,151,5,1
0x8ceb...f1ee,1064,3,4
0xa5bb...ac9a,1422,3,5
0x8558...e58c,1019,3,4
0x0aa4...9580,1005,3,4
0x202c...c4ac,502,4,2
0x1f91...05b9,1000,3,4
0xdf84...f6bc,501,4,2
0x07c9...f109,1000,3,4
0x61f4...75d3,1002,3,4
0x3eb2...5cbd,501,4,2
0x8571...49ce,1001,3,4
0x84be...7abd,1000,3,4
0x2ce3...1635,503,4,2
0x1efa...9253,1019,3,4
0x5d94...bc0a,1153,3,4
0xc748...97c9,1000,3,4
0xd491...cd7d,514,4,2
0xfbde...b2a2,1002,3,4
0x4f3f...4a31,152,5,1
0xdcae...82c4,163,5,1
0x0382...9c73,1002,3,4
0xd30c...7967,1000,3,4
0xafc3...a3ff,513,4,2
0x4e9c...6d06,150,5,1
0x4225...20da,1000,3,4
0xfea8...e23f,1335,3,5
0x85b8...c928,1095,3,4
0xfa10...7714,1009,3,4
0x380d...daf7,501,4,2
0xf596...4420,150,5,1
0xb7e0...7c5c,1003,3,4
0x7bbc...eadf,500,4,2
0x2c8c...e80b,1012,3,4
0x8110...2697,163,5,1
0x128c...4d22,1009,3,4
0xfd78...8601,1250,3,5
0xdfa8...24db,1001,3,4
0x4cd9...41ba,150,5,1
0xd97a...9dc8,1050,3,4
0x50ba...b055,1000,3,4
0xa70b...86dd,154,5,1
0xcf38...0683,168,5,1
0x5a06...53cd,1010,3,4
0x6ac6...680b,1000,3,4
0x8ab0...260a,1000,3,4
0xe70a...3b4b,503,4,2
0x7c11...8a44,1006,3,4
0xc840...a3d0,1000,3,4
0x9acf...7817,1304,3,5
0xc115...2021,1000,3,4
0xf81b...c96c,503,4,2
0x4f50...4815,1005,3,4
0x8a70...383c,1033,3,4
0x1b05...6d3a,1021,3,4
0xeb20...6eaa,530,4,2
0xbdcb...0e9d,502,4,2
0x090c...5f2c,1070,3,4
0x2863...8031,1201,3,4
0x8b3b...a981,190,5,1
0xd5ae...bc26,1000,3,4
0x586b...4f10,1005,3,4
0x472b...3f3f,500,4,2
0x485e...cbcc,1005,3,4
0x8a87...ef98,1000,3,4
0xa54a...a4e0,150,5,1
0x7176...0acd,1004,3,4
0x3d57...d28b,1012,3,4
0xbbdd...9f3a,539,4,2
0xc96f...6bcb,500,4,2
0x9530...6cfa,510,4,2
0x1c9d...adc5,1089,3,4
0x1643...fb98,1020,3,4
0xa728...b4f6,501,4,2
0x1e34...6ebe,508,4,2
0xb187...a919,506,4,2
0x7abe...b945,1004,3,4
0x12fb...df48,1000,3,4
0x6725...264b,500,4,2
0x7acc...b39e,1000,3,4
0x197f...7d4b,1104,3,4
0x7934...be39,1118,3,4
0xdf2a...e9a8,152,5,1
0x95f4...3b04,1009,3,4
0x0c4a...15ba,1000,3,4
0x1e80...86bc,1026,3,4
0x7850...948e,1000,3,4
0x591b...e4be,501,4,2
0xf3b4...ebe6,2100,3,8
0xc37e...2ca7,1000,3,4
0xd9b7...01be,500,4,2
0x5c4e...3f72,501,4,2
0xff86...9e49,1000,3,4
0xf5d6...610f,1000,3,4
0x70e3...3ab5,200,5,1
0x8ed2...0723,1002,3,4
0x4f2e...4360,1150,3,4
0xa47b...1870,1000,3,4
0x17b7...b283,1062,3,4
0x5dc3...a310,158,5,1
0x787d...e18e,1000,3,4
0x9c53...3a13,515,4,2
0x4243...5501,911,4,2
0x83f3...e057,1003,3,4
0x1920...6546,1955,3,7
0x3887...da51,155,5,1
0xc4f0...b914,1350,3,5
0x7fd6...a1e4,513,4,2
0x3d34...bcc7,500,4,2
0x2a58...d205,150,5,1
0x4db1...8220,160,5,1
0x63a5...4c74,1001,3,4
0x2fbe...373a,500,4,2
0x5be2...f5bf,1024,3,4
0xe483...5011,150,5,1
0x25d9...159d,508,4,2
0x4590...662b,157,5,1
0x32e7...bfe7,500,4,2
0x0752...c807,1007,3,4
0x54ad...5a27,1011,3,4
0x8a71...3945,1152,3,4
0xc6e1...0d97,1000,3,4
0x3033...d915,1005,3,4
0x69cf...4919,1170,3,4
0xdeb2...7a87,1001,3,4
0x77e3...3026,150,5,1
0x0748...c8cd,212,5,1
0x1952...9fe7,1000,3,4
0xd624...d0c1,502,4,2
0x0770...b916,1115,3,4
0xd045...9e44,1019,3,4
0x2ad9...8d14,1010,3,4
0x6a5f...ccd4,1000,3,4
0x933d...b244,1077,3,4
0x31f6...7f4a,150,5,1
0x83a3...a3be,1057,3,4
0x6bc1...fd7f,1000,3,4
0x9034...2130,154,5,1
0x83b3...b566,156,5,1
0xf7e1...38f6,1005,3,4
0xf3cc...48b3,1016,3,4
0x3a87...5732,1010,3,4
0x70cc...c649,1000,3,4
0xf4b0...5bad,518,4,2
0x3205...b960,150,5,1
0x6932...1424,224,5,1
0xab5a...de7f,1007,3,4
0x0e26...dadb,1001,3,4
0x88c0...62ab,1000,3,4
0xeb65...dde8,1008,3,4
0xa57c...0d73,1001,3,4
0x4af5...13e9,501,4,2
0xde78...9c71,1023,3,4
0xb1d5...0357,1000,3,4
0xdf98...51e7,519,4,2
0x29a2...5f62,150,5,1
0x5c22...c7ec,160,5,1
0xe7f3...8b42,1000,3,4
0x2099...c80c,153,5,1
0x4ba1...213e,160,5,1
0xc6f1...c520,1010,3,4
0x34dc...a523,1008,3,4
0xa0a6...02b4,151,5,1
0x64b4...e5ab,150,5,1
0xceb4...0e1c,507,4,2
0xe17d...0e72,1000,3,4
0x8fb0...b198,168,5,1
0xc91a...c971,150,5,1
0x2dc4...35e7,1003,3,4
0xaf03...87af,1005,3,4
0xe232...f822,500,4,2
0xaf69...58ca,1000,3,4
0x50cd...094f,150,5,1
0xf6dc...068d,162,5,1
0x7676...112d,505,4,2
0x5d9f...4f1a,507,4,2
0x5466...f544,511,4,2
0xbbcb...0f62,150,5,1
0xefbb...3f86,1000,3,4
0xc600...127e,1008,3,4
0x1270...0069,213,5,1
0xbf51...839c,152,5,1
0x0290...2271,155,5,1
0xc20d...ff31,150,5,1
0xdb24...5b4b,151,5,1
0x4ebe...1893,1001,3,4
0x7a01...6b01,504,4,2
0xeb00...11c3,1010,3,4
0x1371...befb,1000,3,4
0x3afe...14d5,157,5,1
0xc347...5c65,150,5,1
0xbd84...6a35,1000,3,4
0xc29c...9496,153,5,1
0xe7c0...16ed,501,4,2
0x21fe...7a02,505,4,2
0x9fbf...f1df,150,5,1
0x6ee7...e89c,1441,3,5
0x8df2...3dda,155,5,1
0xa415...5205,160,5,1
0xf375...c5f2,150,5,1
0xd48e...aab2,213,5,1
0x3265...6426,150,5,1
0xc832...0a0e,507,4,2
0x1167...9a78,1059,3,4
0x3fb4...5886,1094,3,4
0xe859...05af,501,4,2
0x6f66...e856,1095,3,4
0x06a6...ad35,505,4,2
0x5f25...e745,1004,3,4
0x5087...76ec,150,5,1
0x1f1f...4b6e,170,5,1
0xcf91...84bc,1079,3,4
0x0d97...56d1,150,5,1
0x0062...6468,1000,3,4
0xf603...4f82,150,5,1
0x6baa...ef14,153,5,1
0x6c17...a444,1012,3,4
0x3f3b...940d,1000,3,4
0x9003...76d2,154,5,1
0xe9d8...fda3,1038,3,4
0x67a8...2eb6,503,4,2
0xd740...7371,1008,3,4
0x1190...b27f,1000,3,4
0xf29e...d1ca,150,5,1
0xc17a...7828,1240,3,4
0x00e9...d60a,1000,3,4
0xabdb...e5cf,214,5,1
0x78d0...ba97,300,5,1
0x3fea...f831,1007,3,4
0x9121...39f5,1010,3,4
0x24e2...45bf,1019,3,4
0x41ad...c4fa,153,5,1
0x3cc1...5dc4,1002,3,4
0xb8d1...87ae,1113,3,4
0xf1e2...6129,1001,3,4
0xa1fb...6492,1015,3,4
0xb104...9d86,512,4,2
0x3a10...9476,1023,3,4
0xf0ce...5cd8,165,5,1
0x1755...dcef,1490,3,5
0xacf1...53c2,159,5,1
0xfac4...cd9a,205,5,1
0x9f57...5f46,372,5,1
0xf6c5...c56d,500,4,2
0x559c...0ee7,150,5,1
0xfcca...45a6,502,4,2
0x2703...965e,165,5,1
0xbe68...d837,500,4,2
0xcebf...4c32,515,4,2
0x3146...af50,1272,3,5
0xc052...808f,355,5,1
0xc7da...f9cc,203,5,1
0x9b8e...6f68,156,5,1
0x0102...4825,1010,3,4
0xc066...bc28,150,5,1
0xd29f...92fc,500,4,2
0x94d5...1116,506,4,2
0x1e60...ccfa,150,5,1
0x55a0...77e1,150,5,1
0xef59...d3db,150,5,1
0x0740...ab57,500,4,2
0xd546...2354,501,4,2
0xfd18...4a01,152,5,1
0x4ab3...2059,185,5,1
0x467d...ae69,160,5,1
0x8f7a...70e4,500,4,2
0xc757...e677,150,5,1
0x3124...a8f4,500,4,2
0x8dd9...c661,585,4,2
0x006f...60ee,152,5,1
0x0cbf...d692,1109,3,4
0x2239...8d3e,152,5,1
0xa796...cec3,160,5,1
0x0ebf...cced,502,4,2
0xdf59...84e5,150,5,1
0x380d...b101,503,4,2
0xb307...46ab,200,5,1
0x758b...6378,150,5,1
0x3a09...9cc5,1006,3,4
0x8367...dfd4,150,5,1
0x1b32...bd0b,155,5,1
0x60dd...2d44,150,5,1
0xdc02...703e,159,5,1
0x2820...ad30,213,5,1
0x7408...5f92,155,5,1
0xf43f...8117,150,5,1
0xf896...b911,540,4,2
0x1c32...8da3,514,4,2
0x4b54...36a0,503,4,2
0xd8d0...4477,181,5,1
0x1762...da39,500,4,2
0xe7db...e399,150,5,1
0x0f85...c617,505,4,2
0x0b40...4f11,298,5,1
0x0836...f2e8,150,5,1
0x787b...b396,507,4,2
0x581b...c615,500,4,2
0x4fcf...c381,151,5,1
0xd145...4745,200,5,1
0x9165...e6a0,155,5,1
0x09f8...aa41,150,5,1
0x87ac...2c54,200,5,1
0xb44f...afb7,153,5,1
0x86fe...f277,152,5,1
0xc1ef...3e83,157,5,1
0x3243...904c,203,5,1
0x4a51...6b04,503,4,2
0x09f1...b3c9,504,4,2
0xb2db...0bda,200,5,1
0x140e...d5aa,503,4,2
0x32c3...d520,151,5,1
0xf642...95e8,510,4,2
0x0386...e998,201,5,1
0x9305...6f93,300,5,1
0xfc7a...e39d,150,5,1
0xbb96...64df,151,5,1
0x373b...ce96,501,4,2
0x4ffb...8afc,150,5,1
0x8e2b...6c01,204,5,1
0x495e...d23b,175,5,1
0xe28d...4d77,156,5,1
0x320c...1145,161,5,1
0x6dd7...6b3e,153,5,1
0xdcce...58bc,155,5,1
0xacf1...c686,165,5,1
0x25ee...9bbf,296,5,1
0x19bb...1cc4,155,5,1
0x8b96...4476,150,5,1
0x998b...8f12,150,5,1
0xad88...c82c,535,4,2
0x9057...9185,170,5,1
0x5631...7d9e,501,4,2
0xb6a6...def7,155,5,1
0x6adc...08fc,150,5,1
0x6a75...f6c0,696,4,2
0x11de...8bfa,155,5,1
0x52f8...7434,150,5,1
0x8d21...7ce0,173,5,1
0x2d6c...0116,155,5,1
0x2ca0...a558,150,5,1
0x5037...62ce,158,5,1
0xf5b1...8229,199,5,1
0x4d9d...ae22,153,5,1
0xef18...4391,150,5,1
0x64ee...6ac0,150,5,1
0x6be2...8b26,150,5,1
0xa442...cc21,150,5,1
0x4186...8cff,151,5,1
0x6035...0512,156,5,1
0x1ca8...1f2a,151,5,1
0x8771...eb0a,155,5,1
0xdc9c...7484,157,5,1
0xa899...9b59,151,5,1